{"content":{"size":256000000,"format":"mpeg","player":"FLASH","uri":"http://www.cowtowncoder.com","title":"CowTown Blog Rulez Ok","width":640,"height":480,"duration":360000,"bitrate":320,"persons":["Cowtowncoder","Billy-bob"],"copyright":"GPL"},"images":[{"size":"SMALL","uri":"http://images.r.us/foobar.jpeg","title":"Fabulous FUBAR incident","width":320,"height":256},{"size":"LARGE","uri":"http://images.r.us/total-cluster.jpeg","title":"More of the same -- add keywords for SEO","width":640,"height":480},{"size":"SMALL","uri":"http://images.r.us/barf.png","title":"One more angle, gotta see this","width":320,"height":256}]}